ensemble,d,K,rho,tau,n_trials,spectral_P,spectral_mean,spectral_std,krylov_P,krylov_mean,krylov_std,moment_P
canonical,8,2,0.03125,0.99,200,1.0,0.3704637897394701,0.18811247580918075,1.0,0.1788852197635299,0.16375718389600935,0.975
canonical,8,3,0.046875,0.99,200,1.0,0.4394147813582363,0.20170762072271065,1.0,0.24404842733911725,0.1894388581839884,0.505
canonical,8,4,0.0625,0.99,200,1.0,0.5006392713395088,0.21699471264659925,0.995,0.30784131076240717,0.22709749972958168,0.435
canonical,8,5,0.078125,0.99,200,1.0,0.584332445709444,0.22281605925170608,1.0,0.4007697013269029,0.2522951041899194,0.245
canonical,8,6,0.09375,0.99,200,0.99,0.6469628235561813,0.2526803931655707,0.97,0.4934416216469634,0.3074040353642878,0.2
canonical,8,7,0.109375,0.99,200,0.94,0.7385604505037048,0.23473386274052313,0.905,0.6143487117544312,0.3131822141668337,0.11
canonical,8,7,0.109375,0.99,200,0.93,0.7479430221187802,0.2363886971111431,0.85,0.6348966443618094,0.31084299498653667,0.105
canonical,8,8,0.125,0.99,200,0.81,0.7999529880733027,0.22471423986924138,0.705,0.7157301238512863,0.30824328044962157,0.07
canonical,8,8,0.125,0.99,200,0.825,0.7968574824172956,0.24088346529004362,0.755,0.7178723584139974,0.31897636142309127,0.095
canonical,8,8,0.125,0.99,200,0.875,0.7776908080479689,0.25145974463765175,0.79,0.6869670045611105,0.31906210626092824,0.12
canonical,8,9,0.140625,0.99,200,0.715,0.8564934617846061,0.2138874771971052,0.635,0.7997699193973641,0.28907090000437613,0.095
canonical,8,9,0.140625,0.99,200,0.735,0.8361437542349002,0.23542412789724457,0.66,0.7709000307224828,0.30506277441586743,0.085
canonical,8,10,0.15625,0.99,200,0.585,0.8821506212242936,0.19518954605961988,0.555,0.826016357121734,0.2641881068456258,0.065
canonical,8,10,0.15625,0.99,200,0.575,0.9024239755097071,0.17591011876479112,0.54,0.8554161909735751,0.2428040395082546,0.045
canonical,8,10,0.15625,0.99,200,0.595,0.8942412258780124,0.20050533280960514,0.57,0.8491154311298965,0.2575803362797984,0.07
canonical,8,11,0.171875,0.99,200,0.49,0.9240791487775684,0.1600682930385666,0.435,0.888341369288318,0.21180855124418693,0.04
canonical,8,11,0.171875,0.99,200,0.455,0.9110973367665031,0.1914036503901266,0.41,0.8801852487663285,0.23994115161887195,0.055
canonical,8,12,0.1875,0.99,200,0.33,0.9466563538615941,0.13210844518922565,0.285,0.9206216382082654,0.18689630605100646,0.025
canonical,8,12,0.1875,0.99,200,0.285,0.9566399970687509,0.12826369645120828,0.275,0.9381856301223798,0.1685522263569478,0.025
canonical,8,12,0.1875,0.99,200,0.28,0.9575217082969318,0.1360621471356158,0.26,0.9421382263259116,0.17478103633259276,0.025
canonical,8,13,0.203125,0.99,200,0.24,0.9576393627603444,0.13376431731710162,0.205,0.9407013485193084,0.1800655501267411,0.01
canonical,8,13,0.203125,0.99,200,0.225,0.9448205975412235,0.17650749495579726,0.205,0.9290142872740084,0.21836384844719467,0.025
canonical,8,14,0.21875,0.99,200,0.135,0.9760966211301365,0.09869458134428154,0.14,0.9655432147072293,0.1348638780283969,0.0
canonical,8,14,0.21875,0.99,200,0.17,0.9627492193597571,0.13476509711772108,0.17,0.9467323694178407,0.17609649496330976,0.0
canonical,8,16,0.25,0.99,200,0.05,0.9933240318707977,0.05208357851667705,0.045,0.9903325601603788,0.07233606920155129,0.0
canonical,8,18,0.28125,0.99,200,0.035,0.9912265448122791,0.0710092686217418,0.04,0.9875724616483698,0.08983421260360304,0.0
canonical,8,20,0.3125,0.99,200,0.015,0.9993842224540948,0.005796884036309004,0.015,0.9988025220789367,0.011239783135830886,0.0
canonical,8,22,0.34375,0.99,200,0.01,0.9935815448758001,0.06395521931291873,0.01,0.9912946311393799,0.08665244198668355,0.0
canonical,8,2,0.03125,0.95,200,1.0,0.3732635230267657,0.18712527607085128,1.0,0.18263975106524682,0.16434857024499772,0.975
canonical,8,3,0.046875,0.95,200,1.0,0.43367194487290484,0.19683757899189536,1.0,0.23741068101606913,0.18484581515118292,0.57
canonical,8,4,0.0625,0.95,200,1.0,0.4591206247458291,0.21781469299275347,0.995,0.2680346794325504,0.2217524578184234,0.42
canonical,8,5,0.078125,0.95,200,0.985,0.5776585898131793,0.23507317867260163,1.0,0.39705547268672137,0.2587139957790457,0.24
canonical,8,6,0.09375,0.95,200,0.945,0.6498386541637333,0.23948495796021402,0.945,0.49239585391214874,0.2927947671718914,0.2
canonical,8,7,0.109375,0.95,200,0.815,0.735307312051956,0.24621497500412193,0.845,0.6173299587267929,0.3152688531087127,0.125
canonical,8,7,0.109375,0.95,200,0.795,0.7435982749455053,0.23124129955396475,0.78,0.6251298328482129,0.312726130679452,0.1
canonical,8,8,0.125,0.95,200,0.65,0.7971062617150326,0.23867665801665489,0.64,0.7114668132524474,0.31685020072679076,0.07
canonical,8,8,0.125,0.95,200,0.69,0.7942610587427462,0.2379495034547144,0.69,0.7091266773138066,0.3164628521272406,0.1
canonical,8,8,0.125,0.95,200,0.65,0.7952141045893262,0.2392696673131683,0.685,0.7135578917462277,0.31379098007972556,0.115
canonical,8,9,0.140625,0.95,200,0.555,0.8539611926037591,0.2155009874144398,0.56,0.7935336745118734,0.28165295780790983,0.09
canonical,8,9,0.140625,0.95,200,0.575,0.8404681151144436,0.2320018698941275,0.59,0.7752546073770626,0.29511811120862086,0.085
canonical,8,10,0.15625,0.95,200,0.41,0.8838257646594428,0.21298751793045095,0.455,0.8306499758488209,0.2752329197330115,0.065
canonical,8,10,0.15625,0.95,200,0.405,0.8963408963363787,0.19005055754370428,0.475,0.847712745606858,0.25089147823354513,0.045
canonical,8,10,0.15625,0.95,200,0.385,0.8945731257534981,0.19459074260885678,0.455,0.8498979682978051,0.259742426946773,0.07
canonical,8,11,0.171875,0.95,200,0.315,0.9247775289890907,0.1665909753695216,0.375,0.8894286516049925,0.2182792680349239,0.04
canonical,8,11,0.171875,0.95,200,0.28,0.9163925432760032,0.18262458919142127,0.34,0.884459622491158,0.23725638079854586,0.055
canonical,8,12,0.1875,0.95,200,0.23,0.9416138602094476,0.15966926134509837,0.26,0.9182713473887929,0.20194531456434509,0.025
canonical,8,12,0.1875,0.95,200,0.2,0.9592133114831713,0.10645233042588696,0.235,0.9381354330560854,0.15756745806785435,0.02
canonical,8,12,0.1875,0.95,200,0.19,0.950381255437209,0.14876334407527647,0.2,0.9303711999289203,0.18868249095871234,0.025
canonical,8,13,0.203125,0.95,200,0.125,0.9609019311382648,0.12809171676959155,0.16,0.9435293721331164,0.17647625481129348,0.01
canonical,8,13,0.203125,0.95,200,0.17,0.9480930656441392,0.16075095570454495,0.175,0.9294232395079597,0.208518526164433,0.025
canonical,8,14,0.21875,0.95,200,0.105,0.9678333126388098,0.12461547187562247,0.135,0.9551266752797585,0.1591586102290385,0.0
canonical,8,14,0.21875,0.95,200,0.115,0.9654760981593077,0.13033735992576423,0.145,0.9504356320940591,0.16887183093169988,0.0
canonical,8,16,0.25,0.95,200,0.035,0.9943966832994164,0.03588529878319876,0.035,0.9910916755219159,0.05715848752123902,0.0
canonical,8,18,0.28125,0.95,200,0.025,0.9901526962757058,0.07417045838369697,0.03,0.9859037194998157,0.0970432128137424,0.0
canonical,8,20,0.3125,0.95,200,0.005,0.999127313610001,0.009527091636075421,0.01,0.9983462409604467,0.017901112984998087,0.0
canonical,8,22,0.34375,0.95,200,0.01,0.9932943705201979,0.06716180450734964,0.01,0.9911444928310698,0.08825685218190094,0.0
canonical,8,2,0.03125,0.9,200,1.0,0.3716081737816023,0.17562864255142077,1.0,0.17738981294340267,0.1464175884560642,0.975
canonical,8,3,0.046875,0.9,200,1.0,0.4081157741458362,0.191473374999595,1.0,0.21237105451957317,0.1733434222394405,0.52
canonical,8,4,0.0625,0.9,200,0.99,0.4846136015634535,0.20928235683784968,0.99,0.2886964717156268,0.22073422938000806,0.435
canonical,8,5,0.078125,0.9,200,0.94,0.5837099802719287,0.21865201389807065,0.97,0.39848358327566885,0.2541819638586669,0.235
canonical,8,6,0.09375,0.9,200,0.78,0.6698243942505371,0.25336870112887905,0.885,0.5238972368500828,0.3086633894078997,0.205
canonical,8,7,0.109375,0.9,200,0.67,0.732931289917621,0.24852376936297504,0.75,0.6103063920271425,0.31561995602849124,0.11
canonical,8,7,0.109375,0.9,200,0.66,0.748759470826854,0.22570410070668995,0.735,0.6292244076522087,0.3018948386032699,0.105
canonical,8,8,0.125,0.9,200,0.465,0.8014668717808507,0.23841237549027242,0.55,0.7199273327047027,0.3189927824305194,0.07
canonical,8,8,0.125,0.9,200,0.525,0.7920793116550761,0.24592420197085343,0.56,0.7136377658539462,0.32205780807426004,0.095
canonical,8,8,0.125,0.9,200,0.485,0.8030363540783186,0.24158295021630752,0.61,0.7212086349405783,0.3094102049198065,0.115
canonical,8,9,0.140625,0.9,200,0.37,0.8514766715720253,0.22204004110496375,0.475,0.7914346146363554,0.2920125089111152,0.09
canonical,8,9,0.140625,0.9,200,0.405,0.8435630092848708,0.217704117356203,0.485,0.7785657070103111,0.2904408968743429,0.09
canonical,8,10,0.15625,0.9,200,0.275,0.8926353813350351,0.19067907398187828,0.36,0.841702914884277,0.257934118481673,0.065
canonical,8,10,0.15625,0.9,200,0.265,0.9015725828221275,0.1767721284023347,0.375,0.849667353427614,0.24333483587037025,0.045
canonical,8,10,0.15625,0.9,200,0.265,0.8888465914809928,0.2021997701970029,0.385,0.840217171081049,0.26327527014030644,0.07
canonical,8,11,0.171875,0.9,200,0.24,0.9224964826084127,0.153382997191777,0.265,0.8896178419650431,0.2129707461034613,0.04
canonical,8,11,0.171875,0.9,200,0.19,0.9141238552001235,0.17856344642257968,0.26,0.8763614939928209,0.2438984027674372,0.06
canonical,8,12,0.1875,0.9,200,0.13,0.9512692214850883,0.12729313684770566,0.175,0.9289522604190359,0.1803474587165414,0.025
canonical,8,12,0.1875,0.9,200,0.105,0.9580884866126357,0.11138326268782398,0.175,0.9354202235328033,0.1624625256786922,0.02
canonical,8,12,0.1875,0.9,200,0.115,0.9521286091573867,0.14167035069340908,0.175,0.9303972973391978,0.1843758689777812,0.025
canonical,8,13,0.203125,0.9,200,0.08,0.9616022171327012,0.12521848667337035,0.135,0.9440882859531318,0.17021267618301575,0.005
canonical,8,13,0.203125,0.9,200,0.095,0.9435291349763492,0.18463782270581983,0.13,0.928576786538112,0.21970565605488138,0.025
canonical,8,14,0.21875,0.9,200,0.075,0.9728474857088991,0.10809308296524604,0.095,0.9611215967537993,0.14424213854114878,0.0
canonical,8,14,0.21875,0.9,200,0.065,0.9613395166660383,0.14651203891699935,0.09,0.9488291687144417,0.18379655408986734,0.0
canonical,8,16,0.25,0.9,200,0.01,0.9940925355381721,0.05626521345759691,0.02,0.9922043108154653,0.07010463167975618,0.0
canonical,8,18,0.28125,0.9,200,0.02,0.9912412845775697,0.07185764663148773,0.03,0.987722918912687,0.08976368614224128,0.0
canonical,8,20,0.3125,0.9,200,0.01,0.9984036007913119,0.013460452435403085,0.015,0.996991017431958,0.02528035744407411,0.0
canonical,8,22,0.34375,0.9,200,0.01,0.9941240652182433,0.06302788906967863,0.01,0.9922552520089184,0.07946901661236665,0.0
canonical,16,5,0.01953125,0.99,200,1.0,0.29356134326529004,0.1437126415239674,1.0,0.11142994035442318,0.1019501600306251,0.565
canonical,16,9,0.03515625,0.99,200,1.0,0.417003406851723,0.21738339894968453,0.98,0.2346842366160834,0.2158893380638298,0.355
canonical,16,12,0.046875,0.99,200,1.0,0.5562784450944621,0.2560067611028862,0.89,0.4196769337248905,0.33315766852596906,0.22
canonical,16,15,0.05859375,0.99,200,0.995,0.744406282251259,0.26259510466329833,0.68,0.6933687696916044,0.3404678486542502,0.11
canonical,16,17,0.06640625,0.99,200,0.955,0.8374592820160498,0.2074947009298849,0.63,0.8034520319897352,0.2747336171380883,0.06
canonical,16,18,0.0703125,0.99,200,0.91,0.8383316240101331,0.23015512618708894,0.625,0.7920133870029492,0.2982330438536665,0.08
canonical,16,19,0.07421875,0.99,200,0.86,0.8583182553382086,0.23010584911642673,0.64,0.8188295143221568,0.2887460672580399,0.075
canonical,16,21,0.08203125,0.99,200,0.67,0.8540148639672708,0.2673407261840465,0.565,0.8178210199130007,0.31693605523953017,0.1
canonical,16,22,0.0859375,0.99,200,0.63,0.8808373101451095,0.23893583072181865,0.555,0.8399162605561888,0.2955753223016586,0.09
canonical,16,23,0.08984375,0.99,200,0.54,0.9133855259592994,0.19756239968068262,0.475,0.8867972224778907,0.24726741960159593,0.055
canonical,16,25,0.09765625,0.99,200,0.47,0.9219593020601613,0.19182621248956525,0.405,0.8963353236210553,0.24120860164906888,0.045
canonical,16,26,0.1015625,0.99,200,0.4,0.949254563346773,0.146999245884521,0.35,0.9324184472441545,0.18606572647312833,0.025
canonical,16,27,0.10546875,0.99,200,0.315,0.950046387541233,0.16340478408210457,0.3,0.934935321614806,0.1956682963895125,0.035
canonical,16,29,0.11328125,0.99,200,0.29,0.9586353916885544,0.1548964675687153,0.32,0.9440566219371194,0.1848217923781915,0.01
canonical,16,30,0.1171875,0.99,200,0.225,0.9711729838207513,0.12492871873452593,0.205,0.9615180063655032,0.15212114156731207,0.0
canonical,16,32,0.125,0.99,200,0.18,0.9837340336659554,0.08379248721168842,0.16,0.9775725874479179,0.10348734474206396,0.0
canonical,16,33,0.12890625,0.99,200,0.14,0.9927312114015743,0.022916558733452712,0.145,0.988010581821831,0.04108337227361815,0.0
canonical,16,34,0.1328125,0.99,200,0.1,0.9946059886595975,0.0196370155383928,0.09,0.9920307542757638,0.03355246674618321,0.0
canonical,16,36,0.140625,0.99,200,0.05,0.9975785040930131,0.012307825758317672,0.065,0.9953192679137851,0.0235446611622571,0.0
canonical,16,37,0.14453125,0.99,200,0.06,0.9971145311454166,0.017963829480810815,0.055,0.9948065156293672,0.03271121529005351,0.0
canonical,16,38,0.1484375,0.99,200,0.05,0.9984449430409635,0.007081173286335572,0.055,0.9969870180950073,0.013877226262431035,0.0
canonical,16,40,0.15625,0.99,200,0.065,0.9938251668667698,0.05290369204918691,0.065,0.9906979374253555,0.0693239963961334,0.0
canonical,16,41,0.16015625,0.99,200,0.05,0.9946979772521055,0.05020933980096152,0.045,0.9922287078408973,0.0664953852043858,0.0
canonical,16,46,0.1796875,0.99,200,0.015,0.9951923692506344,0.06070784170128941,0.015,0.9940941195786709,0.06976511794521992,0.0
canonical,16,52,0.203125,0.99,200,0.0,0.9999664553581485,0.0004674473826441638,0.005,0.9999339456764198,0.0009318109030598133,0.0
canonical,16,58,0.2265625,0.99,200,0.0,0.9999997295830799,2.202104789971288e-07,0.0,1.0,3.186939622070134e-16,0.0
canonical,16,64,0.25,0.99,200,0.0,0.9999997283549054,2.409313498173026e-07,0.0,1.0,3.0475571469314576e-16,0.0
canonical,16,5,0.01953125,0.95,200,1.0,0.2869323434546039,0.1619320533658252,1.0,0.1138464487198101,0.1157336441842958,0.565
canonical,16,9,0.03515625,0.95,200,1.0,0.42386660713215646,0.21603969987578356,0.985,0.23880093486336662,0.21856772376878983,0.355
canonical,16,12,0.046875,0.95,200,0.995,0.542427571608274,0.2674574553988983,0.895,0.40758499695393285,0.3309630660378668,0.22
canonical,16,15,0.05859375,0.95,200,0.87,0.7387950029689364,0.25532682063460244,0.665,0.6867149976083416,0.33989129006677327,0.11
canonical,16,17,0.06640625,0.95,200,0.685,0.8443311021692069,0.19649328149576717,0.55,0.8100925988038037,0.27194426980891295,0.06
canonical,16,18,0.0703125,0.95,200,0.555,0.8475007198512001,0.23082434732633966,0.535,0.8083016876298279,0.29279110591875496,0.08
canonical,16,19,0.07421875,0.95,200,0.455,0.8556033097515298,0.24178220689151944,0.52,0.8168868587482592,0.30062607509241573,0.075
canonical,16,21,0.08203125,0.95,200,0.405,0.8575279460413774,0.250802986846462,0.48,0.8132419244658461,0.313365762333424,0.1
canonical,16,22,0.0859375,0.95,200,0.34,0.8816193702631572,0.2356528070143778,0.44,0.8458241413039874,0.2890332152467209,0.09
canonical,16,23,0.08984375,0.95,200,0.3,0.9094419703388056,0.20832043417064475,0.37,0.88219869217531,0.2508708635161543,0.055
canonical,16,25,0.09765625,0.95,200,0.255,0.9223572470494668,0.1872110379207425,0.3,0.8947364185281174,0.2378708702366168,0.045
canonical,16,26,0.1015625,0.95,200,0.175,0.9509918279536153,0.14833339284281463,0.17,0.935784274500048,0.18798321492123773,0.025
canonical,16,27,0.10546875,0.95,200,0.135,0.9532607856076722,0.15352785788883777,0.22,0.9366434934943342,0.1910179641081461,0.03
canonical,16,29,0.11328125,0.95,200,0.145,0.9570551139445065,0.1491027300610133,0.19,0.9398592261845816,0.1852104312602576,0.01
canonical,16,30,0.1171875,0.95,200,0.085,0.9714110958635425,0.1208722429881048,0.135,0.9608687541621345,0.14989413079106242,0.0
canonical,16,32,0.125,0.95,200,0.06,0.9847483967024518,0.0672001834646571,0.1,0.9761311761641919,0.09848168218544062,0.0
canonical,16,33,0.12890625,0.95,200,0.085,0.9910296759827714,0.02439940130455234,0.1,0.984967162299699,0.04459966048531101,0.0
canonical,16,34,0.1328125,0.95,200,0.025,0.9965207866476821,0.01223000999414957,0.05,0.9947643868241945,0.020045843829919887,0.0
canonical,16,36,0.140625,0.95,200,0.02,0.9968082659998505,0.0177734233432916,0.035,0.9940819659195071,0.03284840257058775,0.0
canonical,16,37,0.14453125,0.95,200,0.035,0.9964794086417104,0.01466994131542982,0.05,0.9931879548677442,0.02818567406927405,0.0
canonical,16,38,0.1484375,0.95,200,0.015,0.998063414103446,0.008883973175476463,0.025,0.9968390684920816,0.015017740256482436,0.0
canonical,16,40,0.15625,0.95,200,0.02,0.993727112371282,0.056852498856331854,0.045,0.9907584212867824,0.07068913123862396,0.0
canonical,16,41,0.16015625,0.95,200,0.035,0.9923756845507349,0.06612850591480145,0.03,0.9909576534038823,0.0741690838130443,0.0
canonical,16,46,0.1796875,0.95,200,0.005,0.9952962360156495,0.06397879245797766,0.005,0.9947088401669422,0.06998774359687475,0.0
canonical,16,52,0.203125,0.95,200,0.0,0.9998389230561804,0.0022668901787617425,0.005,0.999683776492746,0.004460881527397926,0.0
canonical,16,58,0.2265625,0.95,200,0.0,0.9999997053421202,2.6971831000641804e-07,0.0,1.0,3.1264164235997254e-16,0.0
canonical,16,64,0.25,0.95,200,0.0,0.9999997553492264,2.2847490782177346e-07,0.0,1.0,3.4515260775491303e-16,0.0
canonical,16,5,0.01953125,0.9,200,1.0,0.30588679736745134,0.14886960606385674,1.0,0.1199847887425819,0.10938595021284757,0.555
canonical,16,9,0.03515625,0.9,200,1.0,0.41723651002486273,0.21072595986318188,0.975,0.23407887195939117,0.21767630495800724,0.355
canonical,16,12,0.046875,0.9,200,0.925,0.5491828998047426,0.2748492483826317,0.89,0.41900097868041297,0.33841669510138794,0.22
canonical,16,15,0.05859375,0.9,200,0.72,0.7407126304488494,0.24843309522965762,0.57,0.6917486027561304,0.3391001879156223,0.11
canonical,16,17,0.06640625,0.9,200,0.45,0.8345613182821807,0.21200227962208096,0.485,0.7971452779442023,0.2819621360270954,0.06
canonical,16,18,0.0703125,0.9,200,0.34,0.8375292978074579,0.23675023589114075,0.455,0.7935273882616471,0.3002259532636604,0.08
canonical,16,19,0.07421875,0.9,200,0.3,0.8555405761960091,0.23216774496881587,0.4,0.818592601347744,0.29633339254537394,0.075
canonical,16,21,0.08203125,0.9,200,0.225,0.8575308369597223,0.25724584774265313,0.34,0.8180521837831034,0.31258832889957555,0.1
canonical,16,22,0.0859375,0.9,200,0.19,0.8781427560551823,0.24134236870448036,0.29,0.842943600265707,0.2993249276016885,0.085
canonical,16,23,0.08984375,0.9,200,0.14,0.9154974287859865,0.1987279445359399,0.225,0.8890503644442032,0.2472803012235751,0.055
canonical,16,25,0.09765625,0.9,200,0.135,0.924067839323107,0.19189938429523112,0.21,0.8992077028526788,0.2404149149031892,0.045
canonical,16,26,0.1015625,0.9,200,0.08,0.9486539653037142,0.15368153798354825,0.14,0.9332362118096249,0.19038988828291611,0.025
canonical,16,27,0.10546875,0.9,200,0.07,0.9544618118385247,0.15504061871790578,0.12,0.9397460222684435,0.1927957995685385,0.035
canonical,16,29,0.11328125,0.9,200,0.07,0.9567075706598837,0.14909155536118732,0.14,0.938716076743171,0.1868248145638125,0.01
canonical,16,30,0.1171875,0.9,200,0.035,0.9706438852934582,0.12468452583750178,0.07,0.9604298469462194,0.1511372852423515,0.0
canonical,16,32,0.125,0.9,200,0.03,0.9813853054210594,0.09043365050839385,0.09,0.9731704141172267,0.10680202073865398,0.0
canonical,16,33,0.12890625,0.9,200,0.02,0.9924166842742826,0.02273636554560801,0.04,0.9875355574233927,0.04171755644297043,0.0
canonical,16,34,0.1328125,0.9,200,0.01,0.995456945076475,0.01711369750549962,0.025,0.9926507268722087,0.0314474026605287,0.0
canonical,16,36,0.140625,0.9,200,0.0,0.9972141801141211,0.01131761681674079,0.01,0.9951649833370994,0.020443785992913535,0.0
canonical,16,37,0.14453125,0.9,200,0.005,0.9974059819606274,0.012094063646109304,0.005,0.9960969758309113,0.01703881118877994,0.0
canonical,16,38,0.1484375,0.9,200,0.0,0.9987991037732606,0.006172347924702398,0.005,0.9978129036666823,0.01184719398222137,0.0
canonical,16,40,0.15625,0.9,200,0.005,0.9943368694806781,0.053936451188200674,0.015,0.9917894684032094,0.06841897280452203,0.0
canonical,16,41,0.16015625,0.9,200,0.005,0.9938988111261636,0.05374509771579494,0.02,0.9909191347704278,0.06861067480410932,0.0
canonical,16,46,0.1796875,0.9,200,0.005,0.9961673007342084,0.049958204945339375,0.01,0.9948459949417434,0.06490619925709006,0.0
canonical,16,52,0.203125,0.9,200,0.0,0.9999409619054649,0.0008279753221739454,0.0,0.9998833042775561,0.00164619574647195,0.0
canonical,16,58,0.2265625,0.9,200,0.0,0.9999997092391,2.439506688895236e-07,0.0,1.0,3.306526743925937e-16,0.0
canonical,16,64,0.25,0.9,200,0.0,0.9999997127676036,2.480597455766365e-07,0.0,1.0,3.0857410204115467e-16,0.0
canonical,32,10,0.009765625,0.99,200,1.0,0.227386452451849,0.11355972998637216,1.0,0.0667567372282711,0.06185429506303309,0.5
canonical,32,17,0.0166015625,0.99,200,1.0,0.2979414363706128,0.18318264179546867,0.96,0.14592984605628706,0.21192273402262823,0.36
canonical,32,24,0.0234375,0.99,200,1.0,0.4822558383344605,0.2713908073882527,0.765,0.4101622103955498,0.38882022354654644,0.27
canonical,32,31,0.0302734375,0.99,200,1.0,0.6912797056402274,0.3000625423883641,0.45,0.7052671306196712,0.4022523526555651,0.155
canonical,32,34,0.033203125,0.99,200,1.0,0.7771089727498278,0.26714800260738214,0.415,0.7959691147365772,0.3454141568233703,0.115
canonical,32,38,0.037109375,0.99,200,0.965,0.8399610234927818,0.24571046117838302,0.485,0.8319759301038965,0.3017321564041074,0.08
canonical,32,42,0.041015625,0.99,200,0.915,0.8781474381299981,0.22851385779680802,0.565,0.8611948845516735,0.27208376713329246,0.065
canonical,32,46,0.044921875,0.99,200,0.755,0.8998540343873189,0.22620058177251237,0.58,0.8796398662636069,0.25808611663346126,0.065
canonical,32,50,0.048828125,0.99,200,0.65,0.9273735695652064,0.1867081747844141,0.59,0.9072621755697489,0.2182667883077671,0.045
canonical,32,53,0.0517578125,0.99,200,0.55,0.9484328181898846,0.16388675155969543,0.54,0.9326634663203595,0.1896500365756302,0.035
canonical,32,57,0.0556640625,0.99,200,0.435,0.960947397829872,0.14289876376783403,0.45,0.9484505153470733,0.16533249096416874,0.01
canonical,32,61,0.0595703125,0.99,200,0.34,0.9735293170509763,0.1095794064909546,0.415,0.9622931006416111,0.13318129626153352,0.0
canonical,32,65,0.0634765625,0.99,200,0.275,0.9769853189651648,0.10651568991123549,0.335,0.967566976753892,0.13184288410702297,0.0
canonical,32,68,0.06640625,0.99,200,0.225,0.9811521825278982,0.0984360057286292,0.26,0.9729289018912908,0.11777265542013753,0.0
canonical,32,72,0.0703125,0.99,200,0.195,0.98548875413416,0.08541763207732894,0.21,0.9801265010871636,0.09954326361032972,0.0
canonical,32,76,0.07421875,0.99,200,0.175,0.9908301595853949,0.048940588104583405,0.215,0.9847826611760303,0.06806598722583465,0.0
canonical,32,80,0.078125,0.99,200,0.11,0.9924014703834595,0.060700858088622744,0.11,0.990665076225255,0.07007600505678702,0.0
canonical,32,84,0.08203125,0.99,200,0.075,0.9939622385056339,0.056272159330540576,0.075,0.9921782368297599,0.06861388967962385,0.0
canonical,32,87,0.0849609375,0.99,200,0.1,0.9967242691534159,0.011732998515729067,0.09,0.9945578560670382,0.021787812703719867,0.0
canonical,32,91,0.0888671875,0.99,200,0.04,0.9988545779350793,0.005534472800560177,0.04,0.9982561826639291,0.009649460537507884,0.0
canonical,32,95,0.0927734375,0.99,200,0.025,0.9990338659045329,0.006068195580947351,0.025,0.9982021593075561,0.011820172021196864,0.0
canonical,32,99,0.0966796875,0.99,200,0.015,0.9996795075375513,0.0018798777213628406,0.015,0.9997184171922021,0.002165414845414821,0.0
canonical,32,102,0.099609375,0.99,200,0.025,0.9994762852569928,0.0030994035885521984,0.025,0.9991571428860897,0.00584388158926315,0.0
canonical,32,123,0.1201171875,0.99,200,0.005,0.9999327774100064,0.0007929290655945102,0.005,0.999868254996392,0.0015774163239224562,0.0
canonical,32,143,0.1396484375,0.99,200,0.005,0.9999055173538011,0.0008408776823444415,0.005,0.9998135777329213,0.0016742462248089014,0.0
canonical,32,164,0.16015625,0.99,200,0.0,0.999999167645607,6.046804356123504e-07,0.0,1.0,3.2158161373719274e-16,0.0
canonical,32,184,0.1796875,0.99,200,0.0,0.9999992843196489,4.497367453910569e-07,0.0,1.0,3.459551856295847e-16,0.0
canonical,32,10,0.009765625,0.95,200,1.0,0.2179629506939936,0.11600580672249987,1.0,0.06353178339775564,0.0634815821245439,0.5
canonical,32,17,0.0166015625,0.95,200,1.0,0.3137675043011184,0.18068823094531147,0.96,0.15415947390252865,0.21150647708380543,0.36
canonical,32,24,0.0234375,0.95,200,1.0,0.474052321531876,0.2700402125262832,0.745,0.4186497253756214,0.39939090656699666,0.27
canonical,32,31,0.0302734375,0.95,200,0.975,0.6891643903846284,0.30110248614979995,0.45,0.6996112687822778,0.4024679045905596,0.155
canonical,32,34,0.033203125,0.95,200,0.855,0.7830500263496945,0.27037840350253906,0.405,0.790824991132712,0.34401240045822684,0.115
canonical,32,38,0.037109375,0.95,200,0.66,0.8439289231209745,0.2501450868651429,0.415,0.8419329893926286,0.30153176303214957,0.08
canonical,32,42,0.041015625,0.95,200,0.455,0.880638155151046,0.22453244190912455,0.415,0.8632624626317598,0.27402238072140034,0.065
canonical,32,46,0.044921875,0.95,200,0.305,0.901947661698444,0.22576374090470103,0.4,0.881474894631729,0.2573323181611381,0.065
canonical,32,50,0.048828125,0.95,200,0.22,0.9297749398271934,0.18801009071970767,0.355,0.9101628637206676,0.21722466188350484,0.045
canonical,32,53,0.0517578125,0.95,200,0.135,0.947187074988069,0.16337552504507596,0.3,0.9301674653502978,0.18746012600012418,0.035
canonical,32,57,0.0556640625,0.95,200,0.105,0.9604773686609426,0.13216640416262032,0.25,0.9442555552096705,0.1614849548306083,0.01
canonical,32,61,0.0595703125,0.95,200,0.065,0.9716205546740221,0.11278309423090477,0.2,0.9588061608631767,0.13562225917808474,0.0
canonical,32,65,0.0634765625,0.95,200,0.065,0.9753792791837518,0.11356130788175767,0.125,0.9665274410913139,0.1342127754027479,0.0
canonical,32,68,0.06640625,0.95,200,0.04,0.9817037004921755,0.09413915288630795,0.085,0.9735808988556856,0.11679473843122663,0.0
canonical,32,72,0.0703125,0.95,200,0.035,0.985658897944856,0.0838190491339726,0.08,0.9795349952157233,0.0989605217288508,0.0
canonical,32,76,0.07421875,0.95,200,0.015,0.9912544173841744,0.04718727426634512,0.09,0.9853970741755805,0.06600769509344347,0.0
canonical,32,80,0.078125,0.95,200,0.03,0.9907669012998468,0.06573659340647979,0.055,0.9874645843793276,0.07385170960012533,0.0
canonical,32,84,0.08203125,0.95,200,0.01,0.9931233026970716,0.06102095518119431,0.035,0.9914981951802077,0.07016312669026369,0.0
canonical,32,87,0.0849609375,0.95,200,0.005,0.9975606688470474,0.009272808994958377,0.03,0.9957738401911429,0.017610532308015042,0.0
canonical,32,91,0.0888671875,0.95,200,0.0,0.9989763624492625,0.005158148153000063,0.025,0.998102324791012,0.01009453317438626,0.0
canonical,32,95,0.0927734375,0.95,200,0.015,0.9985950470417307,0.008968557883774937,0.01,0.9978686046689325,0.015680816274401804,0.0
canonical,32,99,0.0966796875,0.95,200,0.005,0.9989162919508544,0.006303510688821522,0.01,0.9988588078352404,0.008257916889941184,0.0
canonical,32,102,0.099609375,0.95,200,0.01,0.9991825031905311,0.0064628678613658725,0.005,0.9992435023324906,0.009075355167531267,0.0
canonical,32,123,0.1201171875,0.95,200,0.0,0.9999264165491895,0.0008674170290026421,0.0,0.9998558148269222,0.0017246193986275133,0.0
canonical,32,143,0.1396484375,0.95,200,0.0,0.9999721102919209,0.0002821150257385285,0.0,0.9999460741629297,0.0005632926983148188,0.0
canonical,32,164,0.16015625,0.95,200,0.0,0.9999992229495273,5.240466878004066e-07,0.0,1.0000000000000002,3.139203456203597e-16,0.0
canonical,32,184,0.1796875,0.95,200,0.0,0.9999993432645485,4.386537357444721e-07,0.0,1.0,3.2718632310782814e-16,0.0
canonical,32,10,0.009765625,0.9,200,1.0,0.218770699203286,0.11183505954950787,1.0,0.061645937148251465,0.057376661224003346,0.5
canonical,32,17,0.0166015625,0.9,200,1.0,0.30673311025673244,0.17752683164225894,0.95,0.15583824061406693,0.22324781650362668,0.36
canonical,32,24,0.0234375,0.9,200,0.99,0.47536067014743155,0.28046352740029773,0.77,0.40748604335536726,0.38992444721272934,0.27
canonical,32,31,0.0302734375,0.9,200,0.785,0.6922244593219634,0.2910013161281125,0.465,0.6991115814540575,0.3960909785672532,0.155
canonical,32,34,0.033203125,0.9,200,0.58,0.7772883547236638,0.2711170726054426,0.38,0.7943226876600978,0.34431677132273125,0.115
canonical,32,38,0.037109375,0.9,200,0.255,0.8459328908148587,0.24252765858605668,0.335,0.8400814201790127,0.2985142948041925,0.08
canonical,32,42,0.041015625,0.9,200,0.19,0.8775918639374274,0.22877127166829453,0.28,0.8622659722087502,0.2751514148719528,0.065
canonical,32,46,0.044921875,0.9,200,0.12,0.901413736863045,0.22044019756227412,0.245,0.8802013475719128,0.25469871430819446,0.065
canonical,32,50,0.048828125,0.9,200,0.08,0.9280481703662966,0.19277109651175325,0.185,0.909195642156983,0.21959388380584655,0.045
canonical,32,53,0.0517578125,0.9,200,0.04,0.9447791495713967,0.16677493108129893,0.17,0.9262749490866112,0.18918746664655092,0.035
canonical,32,57,0.0556640625,0.9,200,0.04,0.9600678845412364,0.1441649655510608,0.07,0.9475062721783584,0.16801100228214597,0.01
canonical,32,61,0.0595703125,0.9,200,0.025,0.9725137125792989,0.11172899221416631,0.07,0.9601331506725566,0.13464052899888043,0.0
canonical,32,65,0.0634765625,0.9,200,0.02,0.9750504673108725,0.1221022200951615,0.045,0.9665597456743754,0.13640722102816827,0.0
canonical,32,68,0.06640625,0.9,200,0.015,0.9789256711610003,0.10937529772662877,0.05,0.9718203336350584,0.12147024786305759,0.0
canonical,32,72,0.0703125,0.9,200,0.01,0.985977592488415,0.08136111578411598,0.025,0.9802817712936991,0.09717632188492832,0.0
canonical,32,76,0.07421875,0.9,200,0.005,0.9908423313171013,0.0532796664832753,0.015,0.9855534356409902,0.06881383009559867,0.0
canonical,32,80,0.078125,0.9,200,0.005,0.9924540947901827,0.06299426577207075,0.01,0.9903307832556117,0.07084268431536124,0.0
canonical,32,84,0.08203125,0.9,200,0.01,0.992424608450898,0.06018982110023712,0.015,0.9912852190195486,0.07093784662213844,0.0
canonical,32,87,0.0849609375,0.9,200,0.0,0.9972107021314227,0.008989559462809136,0.005,0.9951861852728322,0.0168226999246755,0.0
canonical,32,91,0.0888671875,0.9,200,0.0,0.9983273805433848,0.008267532513198216,0.01,0.9973496456124284,0.014954117746482446,0.0
canonical,32,95,0.0927734375,0.9,200,0.0,0.9989460939051582,0.005948689094072368,0.005,0.9984169002786265,0.010636798463083174,0.0
canonical,32,99,0.0966796875,0.9,200,0.0,0.9992996693783592,0.004250149753943334,0.0,0.9990236773509303,0.007196687358925487,0.0
canonical,32,102,0.099609375,0.9,200,0.0,0.9992582474699379,0.004798235936771225,0.005,0.9986448424083452,0.009355606052290862,0.0
canonical,32,123,0.1201171875,0.9,200,0.0,0.9999219888956454,0.0007852686721678418,0.0,0.9998468276666643,0.0015638470344296034,0.0
canonical,32,143,0.1396484375,0.9,200,0.0,0.9995896136240212,0.003429429109986552,0.0,0.9991929318516921,0.006754460382464639,0.0
canonical,32,164,0.16015625,0.9,200,0.0,0.9999991412248184,9.267059069818982e-07,0.0,1.0,3.192735818957272e-16,0.0
canonical,32,184,0.1796875,0.9,200,0.0,0.999999323996612,5.435338221492432e-07,0.0,1.0,3.1313406925571504e-16,0.0
canonical,64,20,0.0048828125,0.99,200,1.0,0.16303963824955722,0.09918597916094432,0.995,0.04083026205847629,0.07877456492855738,0.54
canonical,64,41,0.010009765625,0.99,200,1.0,0.3419538484760888,0.22489072033103924,0.815,0.280384430348309,0.367223054077275,0.31
canonical,64,61,0.014892578125,0.99,200,1.0,0.6585205891285985,0.30333522213089253,0.32,0.7398016331926847,0.41525413651630605,0.13
canonical,64,82,0.02001953125,0.99,200,0.99,0.8727424837661811,0.23731246258878308,0.385,0.886227181396915,0.2705386012884071,0.065
canonical,64,91,0.022216796875,0.99,200,0.91,0.9090546741619292,0.2091464970794055,0.57,0.9005597063424855,0.23634755262741844,0.05
canonical,64,99,0.024169921875,0.99,200,0.835,0.9250330136031896,0.1958276680623145,0.615,0.9133493416929608,0.21972875930176952,0.04
canonical,64,108,0.0263671875,0.99,200,0.64,0.9517304723506319,0.1574276855271347,0.59,0.9392753860907556,0.17793008747117262,0.03
canonical,64,116,0.0283203125,0.99,200,0.45,0.9604054723298688,0.15188701441469168,0.55,0.9504379846245625,0.16672425570708355,0.005
canonical,64,125,0.030517578125,0.99,200,0.355,0.963506823125705,0.15251191010693066,0.45,0.9538121579928054,0.16738188292405637,0.0
canonical,64,134,0.03271484375,0.99,200,0.29,0.9750926696265239,0.1251001067971025,0.345,0.9686860621895661,0.1377726486549183,0.0
canonical,64,142,0.03466796875,0.99,200,0.25,0.9847047057186497,0.08781753936347544,0.31,0.9788565253217044,0.09752753031981687,0.0
canonical,64,151,0.036865234375,0.99,200,0.13,0.9926086624736657,0.05439460266251631,0.185,0.9890512942544396,0.06784712633964902,0.0
canonical,64,160,0.0390625,0.99,200,0.165,0.9953497148412614,0.009935402829662947,0.21,0.9930242876513995,0.014710469661118155,0.0
canonical,64,168,0.041015625,0.99,200,0.105,0.9968983088241075,0.007752756620293095,0.15,0.9949751922318518,0.013940723015788204,0.0
canonical,64,177,0.043212890625,0.99,200,0.07,0.9980273796212435,0.005422784980753903,0.12,0.9965213197665657,0.01000509953496978,0.0
canonical,64,185,0.045166015625,0.99,200,0.06,0.9983200739185896,0.0050063235503226555,0.105,0.9968804381398769,0.009839928177469547,0.0
canonical,64,194,0.04736328125,0.99,200,0.05,0.9986929991054015,0.00470845667466116,0.07,0.9974198784390294,0.00930267176039669,0.0
canonical,64,203,0.049560546875,0.99,200,0.04,0.9946710772681459,0.0630275246052899,0.045,0.9938624650263932,0.06985497577294583,0.0
canonical,64,211,0.051513671875,0.99,200,0.005,0.9995441848628863,0.0018679149410360265,0.04,0.9991619242708665,0.0036505112485390044,0.0
canonical,64,220,0.0537109375,0.99,200,0.015,0.9995707461813756,0.0028135274869411425,0.03,0.9991584035863533,0.005543817948323683,0.0
canonical,64,229,0.055908203125,0.99,200,0.0,0.9998360332548821,0.0009708187184576729,0.015,0.9997266176143919,0.0018835361747384775,0.0
canonical,64,237,0.057861328125,0.99,200,0.005,0.9999106959573618,0.0008054735830220559,0.005,0.9998382296514814,0.0015996860969138234,0.0
canonical,64,246,0.06005859375,0.99,200,0.005,0.9998396514014876,0.0010683596612510251,0.01,0.999853440959155,0.0012569150130777803,0.0
canonical,64,287,0.070068359375,0.99,200,0.005,0.9998616613231499,0.0012699501638902791,0.01,0.9997488079228467,0.002512668467170528,0.0
canonical,64,328,0.080078125,0.99,200,0.0,0.9999980577661777,1.1679879495653391e-06,0.0,1.0,3.2225167587052167e-16,0.0
canonical,64,369,0.090087890625,0.99,200,0.0,0.9999980681343453,1.17451885097259e-06,0.0,1.0,3.084742237080508e-16,0.0
canonical,64,410,0.10009765625,0.99,200,0.0,0.9999982895242283,1.3935330411883015e-06,0.0,1.0,3.0435099244991544e-16,0.0
canonical,64,20,0.0048828125,0.95,200,1.0,0.16533283140229585,0.1030694000506689,0.995,0.04209179812789039,0.08060213264245127,0.54
canonical,64,41,0.010009765625,0.95,200,1.0,0.33583664792288637,0.22988441291980918,0.82,0.27620736666743256,0.3657560108511353,0.31
canonical,64,61,0.014892578125,0.95,200,1.0,0.6521598109314951,0.30770576804549815,0.32,0.7344752086881305,0.41812017264181484,0.13
canonical,64,82,0.02001953125,0.95,200,0.545,0.8754543570051768,0.2354959784484805,0.335,0.8877046226491419,0.27027544039748813,0.065
canonical,64,91,0.022216796875,0.95,200,0.32,0.9055499027702993,0.21581605966398384,0.41,0.8991785337128826,0.23874835416866322,0.05
canonical,64,99,0.024169921875,0.95,200,0.215,0.9256939328317335,0.18978816230126305,0.39,0.91100206823583,0.21667019195104145,0.04
canonical,64,108,0.0263671875,0.95,200,0.065,0.952606691426739,0.1576527350455791,0.195,0.9413447257822851,0.178112565359079,0.03
canonical,64,116,0.0283203125,0.95,200,0.055,0.9589628107312878,0.15379626956528825,0.145,0.9509618179221218,0.16702746772314941,0.01
canonical,64,125,0.030517578125,0.95,200,0.03,0.9635321403329646,0.1509836229257065,0.11,0.9541235351620884,0.1667138614313294,0.0
canonical,64,134,0.03271484375,0.95,200,0.02,0.9745322220153454,0.1281421128760965,0.07,0.9682982904536155,0.13852969936135834,0.0
canonical,64,142,0.03466796875,0.95,200,0.01,0.9852529155967799,0.08933478320588784,0.04,0.9804066345279852,0.0984805255795347,0.0
canonical,64,151,0.036865234375,0.95,200,0.01,0.9911444036250727,0.06026823203321003,0.045,0.9870757606257832,0.07019022299970969,0.0
canonical,64,160,0.0390625,0.95,200,0.0,0.9959297275850969,0.008265645177829403,0.035,0.9931535239557908,0.01571704724264662,0.0
canonical,64,168,0.041015625,0.95,200,0.005,0.9969429224155423,0.007557300796150785,0.01,0.9957353747508474,0.010536072634220265,0.0
canonical,64,177,0.043212890625,0.95,200,0.005,0.9976507861969932,0.006400638626781813,0.015,0.9956259131221935,0.012499436523133263,0.0
canonical,64,185,0.045166015625,0.95,200,0.0,0.9981759784173886,0.005502474550303046,0.01,0.9967235339878363,0.010339883087848188,0.0
canonical,64,194,0.04736328125,0.95,200,0.0,0.999059965669027,0.003105256540884968,0.0,0.9981429759944905,0.006162055175453131,0.0
canonical,64,203,0.049560546875,0.95,200,0.01,0.9945006399298728,0.0637856042704914,0.01,0.993418728329265,0.07037226692076258,0.0
canonical,64,211,0.051513671875,0.95,200,0.0,0.9993806765545993,0.0027399994511831775,0.0,0.998919148358216,0.005175744330266072,0.0
canonical,64,220,0.0537109375,0.95,200,0.0,0.999489943294344,0.0028310419805980458,0.005,0.998996109444795,0.00559963432677395,0.0
canonical,64,229,0.055908203125,0.95,200,0.0,0.9996339421598125,0.0024651735464509415,0.005,0.999367262780779,0.004774456790804776,0.0
canonical,64,237,0.057861328125,0.95,200,0.0,0.9997357238228723,0.0018202881169227666,0.0,0.9995727820371769,0.003389681546755229,0.0
canonical,64,246,0.06005859375,0.95,200,0.0,0.9998304457857334,0.0011453357066050502,0.0,0.9997868362774004,0.0019053890086134595,0.0
canonical,64,287,0.070068359375,0.95,200,0.0,0.9996823886244286,0.002165655545788908,0.0,0.9996027440295043,0.0032891875143368702,0.0
canonical,64,328,0.080078125,0.95,200,0.0,0.9999979304989006,1.4134261983586673e-06,0.0,1.0,3.2052582883972505e-16,0.0
canonical,64,369,0.090087890625,0.95,200,0.0,0.9999981124763215,1.1800918337973234e-06,0.0,1.0,3.137239612748209e-16,0.0
canonical,64,410,0.10009765625,0.95,200,0.0,0.9999981386009819,1.0277715597497849e-06,0.0,1.0,3.059666693232692e-16,0.0
canonical,64,20,0.0048828125,0.9,200,1.0,0.17108050343386427,0.09806337623412437,0.995,0.04334182395385345,0.07919140143369961,0.54
canonical,64,41,0.010009765625,0.9,200,1.0,0.3403812909361678,0.22469308287292425,0.825,0.2789083492714031,0.3621843597629112,0.31
canonical,64,61,0.014892578125,0.9,200,0.93,0.6598397526671762,0.30204338890301785,0.305,0.741954470055976,0.4165068921853647,0.13
canonical,64,82,0.02001953125,0.9,200,0.17,0.8731017194246323,0.23396842290395722,0.195,0.8869609946075228,0.2700446832145135,0.065
canonical,64,91,0.022216796875,0.9,200,0.095,0.9069785915818166,0.2117665381909706,0.18,0.8982555154242263,0.23759911384917373,0.05
canonical,64,99,0.024169921875,0.9,200,0.06,0.9245284488958265,0.19969485658867678,0.12,0.912623133619355,0.22023777306658274,0.04
canonical,64,108,0.0263671875,0.9,200,0.04,0.9504471726552873,0.16079264102549684,0.045,0.9405241046074573,0.17840860102136108,0.03
canonical,64,116,0.0283203125,0.9,200,0.03,0.9598742238486065,0.1484247601081013,0.045,0.9486967734782641,0.16542806724946088,0.005
canonical,64,125,0.030517578125,0.9,200,0.03,0.9641379618607425,0.14652727979119076,0.035,0.9546730886885072,0.16470572740634748,0.0
canonical,64,134,0.03271484375,0.9,200,0.02,0.9753225345706437,0.11792373891102381,0.035,0.9673075526598445,0.13518898180214192,0.0
canonical,64,142,0.03466796875,0.9,200,0.01,0.9856135809356162,0.0811539540676853,0.02,0.9801264306905202,0.09693227381991415,0.0
canonical,64,151,0.036865234375,0.9,200,0.005,0.9909962362538601,0.06333850855004156,0.005,0.9869200270795563,0.07107156003390569,0.0
canonical,64,160,0.0390625,0.9,200,0.0,0.9965054781149547,0.007366026835170955,0.005,0.9938966394484945,0.014164884683920036,0.0
canonical,64,168,0.041015625,0.9,200,0.0,0.9973012815495141,0.005922809998004902,0.0,0.9959206419199709,0.00995398740023023,0.0
canonical,64,177,0.043212890625,0.9,200,0.0,0.9978129609282657,0.0061532341151730304,0.005,0.9957528949811243,0.012117418972274509,0.0
canonical,64,185,0.045166015625,0.9,200,0.0,0.9983507159261475,0.005097769635676976,0.0,0.9971943762338757,0.009435827999969242,0.0
canonical,64,194,0.04736328125,0.9,200,0.0,0.9989080478423227,0.0040929225149681355,0.0,0.9978442948560655,0.008078055085757966,0.0
canonical,64,203,0.049560546875,0.9,200,0.005,0.9947342566198616,0.058911638939623395,0.005,0.9933054668104571,0.0689670829937067,0.0
canonical,64,211,0.051513671875,0.9,200,0.0,0.9994229410631335,0.002528360665261752,0.0,0.9989747114657535,0.00481340899414229,0.0
canonical,64,220,0.0537109375,0.9,200,0.0,0.9995943845658273,0.002140308460050781,0.0,0.9992016632566549,0.004251130444557831,0.0
