ensemble,d,K,rho,m,tau,n_trials,krylov_P,krylov_mean,krylov_std
canonical,8,2,0.03125,2,0.99,200,1.0,0.1669066644726148,0.1391751904387682
canonical,8,3,0.046875,3,0.99,200,1.0,0.2098568632654734,0.166099381413401
canonical,8,4,0.0625,4,0.99,200,1.0,0.2875265149180567,0.2144924245918364
canonical,8,5,0.078125,5,0.99,200,1.0,0.3991845830225279,0.2629533967323128
canonical,8,6,0.09375,6,0.99,200,0.99,0.4541256504958446,0.3034906894388962
canonical,8,7,0.109375,7,0.99,200,0.925,0.6308695947534121,0.3247795663156404
canonical,8,8,0.125,8,0.99,200,0.745,0.7352064937906507,0.2836476428255691
canonical,8,9,0.140625,8,0.99,200,0.61,0.8000552647410669,0.2899541527833065
canonical,8,10,0.15625,8,0.99,200,0.42,0.8951934873741013,0.1924553427939778
canonical,8,11,0.171875,8,0.99,200,0.335,0.880640088606404,0.250677442682174
canonical,8,12,0.1875,8,0.99,200,0.235,0.9245669834328808,0.2093311762783016
canonical,8,13,0.203125,8,0.99,200,0.21,0.9443576624803278,0.1703603527725191
canonical,8,14,0.21875,8,0.99,200,0.18,0.9641268764171452,0.1301787735954178
canonical,8,15,0.234375,8,0.99,200,0.08,0.9810329225418046,0.1040143552522389
canonical,8,16,0.25,8,0.99,200,0.1,0.971261783113374,0.1292984243679805
canonical,8,18,0.28125,8,0.99,200,0.03,0.994796261548657,0.0332861867446867
canonical,8,20,0.3125,8,0.99,200,0.0,1.0,3.356474311340335e-16
canonical,8,22,0.34375,8,0.99,200,0.005,0.9985275456927412,0.020771524154625354
canonical,8,23,0.359375,8,0.99,200,0.0,1.0,3.4065941162544933e-16
canonical,8,26,0.40625,8,0.99,200,0.0,1.0,3.357392258659928e-16
canonical,16,4,0.015625,4,0.99,200,1.0,0.1078129663649338,0.10789911931101684
canonical,16,5,0.01953125,5,0.99,200,1.0,0.1230215242001781,0.1118066865549427
canonical,16,8,0.03125,8,0.99,200,1.0,0.18781889610967745,0.16913998189867638
canonical,16,9,0.03515625,9,0.99,200,1.0,0.2478581001603185,0.2096142967485462
canonical,16,12,0.046875,12,0.99,200,1.0,0.4192845956113189,0.2996347553520225
canonical,16,15,0.05859375,15,0.99,200,0.895,0.7015482117455947,0.3145514529885826
canonical,16,16,0.0625,16,0.99,200,0.66,0.6727547396565425,0.37098615078269886
canonical,16,17,0.06640625,16,0.99,200,0.615,0.760585873164111,0.3194228211644936
canonical,16,18,0.0703125,16,0.99,200,0.56,0.7929378900197902,0.3082643300345556
canonical,16,19,0.07421875,16,0.99,200,0.565,0.8203243507298484,0.2974657541858345
canonical,16,20,0.078125,16,0.99,200,0.53,0.8443972035461542,0.2831792628193383
canonical,16,21,0.08203125,16,0.99,200,0.5,0.8715146348649668,0.26345575565745194
canonical,16,22,0.0859375,16,0.99,200,0.49,0.8969855911214176,0.2199736864560036
canonical,16,23,0.08984375,16,0.99,200,0.495,0.8997191952118058,0.2184253526221226
canonical,16,24,0.09375,16,0.99,200,0.46,0.915480182940451,0.19950580678171295
canonical,16,25,0.09765625,16,0.99,200,0.365,0.93182925242298,0.1874078287657261
canonical,16,26,0.1015625,16,0.99,200,0.325,0.9342660054428257,0.19849224363503676
canonical,16,27,0.10546875,16,0.99,200,0.295,0.9446893560189475,0.1779682659720251
canonical,16,28,0.109375,16,0.99,200,0.275,0.9430133038143564,0.1841042958252531
canonical,16,29,0.11328125,16,0.99,200,0.215,0.9761253164763042,0.07860901106558027
canonical,16,30,0.1171875,16,0.99,200,0.19,0.9712678486933868,0.1214231284227818
canonical,16,32,0.125,16,0.99,200,0.165,0.9752840549647604,0.1103015625124732
canonical,16,33,0.12890625,16,0.99,200,0.135,0.9833970634554242,0.0757050482747521
canonical,16,34,0.1328125,16,0.99,200,0.135,0.983452696630789,0.09243356130826554
canonical,16,35,0.13671875,16,0.99,200,0.1,0.9917246592793324,0.0327677418206033
canonical,16,36,0.140625,16,0.99,200,0.1,0.9858476093379424,0.0748928994952629
canonical,16,37,0.14453125,16,0.99,200,0.08,0.9865129465441327,0.09905145879122876
canonical,16,38,0.1484375,16,0.99,200,0.095,0.9727242085866076,0.1394784139763876
canonical,16,40,0.15625,16,0.99,200,0.035,0.9968890728832694,0.0195180024135422
canonical,16,41,0.16015625,16,0.99,200,0.035,0.992287349628986,0.0702918743461944
canonical,16,43,0.16796875,16,0.99,200,0.05,0.9911373674745612,0.0732263111145028
canonical,16,44,0.171875,16,0.99,200,0.04,0.993596459624861,0.0650454186904656
canonical,16,46,0.1796875,16,0.99,200,0.02,0.998000427610759,0.0182979574523458
canonical,16,51,0.19921875,16,0.99,200,0.005,0.9999074687854194,0.0010007845990963
canonical,16,52,0.203125,16,0.99,200,0.015,0.9988526480920601,0.010746303961987039
canonical,16,58,0.2265625,16,0.99,200,0.0,1.0,3.472886937942355e-16
canonical,16,60,0.234375,16,0.99,200,0.0,1.0,3.203334940916293e-16
canonical,16,64,0.25,16,0.99,200,0.01,0.9982946323219991,0.01770117912681767
canonical,16,68,0.265625,16,0.99,200,0.0,1.0,3.0566438042747734e-16
canonical,16,77,0.30078125,16,0.99,200,0.0,1.0,3.4029739301986393e-16
canonical,32,10,0.009765625,10,0.99,200,1.0,0.0642560247094422,0.0721775505497398
canonical,32,11,0.0107421875,11,0.99,200,1.0,0.08279966059755943,0.09285834551466289
canonical,32,17,0.0166015625,17,0.99,200,1.0,0.1433964733999293,0.1491870481346452
canonical,32,22,0.021484375,22,0.99,200,1.0,0.2942005604500284,0.26635167340481425
canonical,32,24,0.0234375,24,0.99,200,1.0,0.4070012075309461,0.3297202041666079
canonical,32,31,0.0302734375,31,0.99,200,0.735,0.6886236002531774,0.3952621999116054
canonical,32,34,0.033203125,32,0.99,200,0.4,0.8146768463670929,0.3283697547487912
canonical,32,36,0.03515625,32,0.99,200,0.425,0.8141059890906395,0.336113529759945
canonical,32,38,0.037109375,32,0.99,200,0.42,0.8600061680048053,0.2782394897081671
canonical,32,40,0.0390625,32,0.99,200,0.5,0.8462660673091605,0.299672607572635
canonical,32,42,0.041015625,32,0.99,200,0.535,0.8544125382827886,0.3016592075117837
canonical,32,45,0.0439453125,32,0.99,200,0.625,0.8942651746855296,0.2236401886486758
canonical,32,46,0.044921875,32,0.99,200,0.62,0.8739511844376687,0.25803949030462536
canonical,32,50,0.048828125,32,0.99,200,0.55,0.9079313617714708,0.228221775377888
canonical,32,53,0.0517578125,32,0.99,200,0.455,0.9456594363551912,0.16616953434470866
canonical,32,55,0.0537109375,32,0.99,200,0.41,0.9251028779323373,0.2184490123462208
canonical,32,57,0.0556640625,32,0.99,200,0.435,0.948156384022702,0.15741937788692223
canonical,32,60,0.05859375,32,0.99,200,0.35,0.9668230050179496,0.1224469673226106
canonical,32,61,0.0595703125,32,0.99,200,0.35,0.967037596860441,0.12093262922109702
canonical,32,65,0.0634765625,32,0.99,200,0.325,0.9588964870160946,0.1509212911749517
canonical,32,68,0.06640625,32,0.99,200,0.195,0.9866297225142026,0.072362448577839
canonical,32,69,0.0673828125,32,0.99,200,0.14,0.9886092968446727,0.06739092443605202
canonical,32,70,0.068359375,32,0.99,200,0.225,0.9662459652228068,0.1540469765898563
canonical,32,72,0.0703125,32,0.99,200,0.135,0.9781823427748606,0.1194101659817994
canonical,32,74,0.072265625,32,0.99,200,0.195,0.9674347196681828,0.1490935166946752
canonical,32,76,0.07421875,32,0.99,200,0.1,0.991602535252512,0.0710449637403448
canonical,32,79,0.0771484375,32,0.99,200,0.1,0.9864149039983658,0.0977562294391998
canonical,32,80,0.078125,32,0.99,200,0.13,0.9908584531015362,0.06954602422875789
canonical,32,84,0.08203125,32,0.99,200,0.125,0.9958030623031948,0.0131418757304928
canonical,32,87,0.0849609375,32,0.99,200,0.075,0.9917793400636847,0.06844610246671466
canonical,32,89,0.0869140625,32,0.99,200,0.065,0.9928952633769436,0.0704617821008242
canonical,32,91,0.0888671875,32,0.99,200,0.055,0.9923111877450682,0.07150802334646619
canonical,32,92,0.08984375,32,0.99,200,0.055,0.9928041374190183,0.07111785105269385
canonical,32,94,0.091796875,32,0.99,200,0.04,0.9984781681138312,0.0083801520372842
canonical,32,95,0.0927734375,32,0.99,200,0.08,0.9972053121804272,0.011987985873794368
canonical,32,99,0.0966796875,32,0.99,200,0.04,0.99821350584293,0.0105750094739509
canonical,32,102,0.099609375,32,0.99,200,0.035,0.9978912053342235,0.014176029957414444
canonical,32,103,0.1005859375,32,0.99,200,0.01,0.9988743322219966,0.0118417542561785
canonical,32,108,0.10546875,32,0.99,200,0.0,0.9999053074496684,0.0007336027427775
canonical,32,113,0.1103515625,32,0.99,200,0.005,0.9994967108766803,0.0067843769036013
canonical,32,118,0.115234375,32,0.99,200,0.01,0.9996825932224342,0.0031924165809547
canonical,32,123,0.1201171875,32,0.99,200,0.005,0.9997731298813064,0.0028527013210654
canonical,32,143,0.1396484375,32,0.99,200,0.005,0.999872895999642,0.0017930225750113
canonical,32,164,0.16015625,32,0.99,200,0.0,1.0,3.080743865682491e-16
canonical,32,184,0.1796875,32,0.99,200,0.0,1.0,2.9852408677807924e-16
canonical,32,205,0.2001953125,32,0.99,200,0.0,1.0,3.313043908409868e-16
canonical,64,15,0.003662109375,15,0.99,200,1.0,0.025168624313603796,0.0265376817501638
canonical,64,20,0.0048828125,20,0.99,200,1.0,0.0396538990803536,0.0470073475266331
canonical,64,41,0.010009765625,41,0.99,200,1.0,0.2425650226013464,0.2689710510732329
canonical,64,42,0.01025390625,42,0.99,200,1.0,0.26492896106942637,0.2747764440779022
canonical,64,61,0.014892578125,61,0.99,200,0.905,0.720192935868733,0.4014783076879171
canonical,64,70,0.01708984375,64,0.99,200,0.34,0.7944830354284278,0.3662489264558816
canonical,64,82,0.02001953125,64,0.99,200,0.485,0.8393497197216387,0.3126538753175021
canonical,64,91,0.022216796875,64,0.99,200,0.56,0.8827594169952448,0.25859789474922146
canonical,64,93,0.022705078125,64,0.99,200,0.575,0.902876926575783,0.2362323724521675
canonical,64,97,0.023681640625,64,0.99,200,0.7,0.8805305347567799,0.2659120326629007
canonical,64,99,0.024169921875,64,0.99,200,0.595,0.9371259313759174,0.16660788616821307
canonical,64,103,0.025146484375,64,0.99,200,0.695,0.9022266748331468,0.2363958735521311
canonical,64,108,0.0263671875,64,0.99,200,0.56,0.9538285877137599,0.13851160398331344
canonical,64,114,0.02783203125,64,0.99,200,0.58,0.9453169518548172,0.1669907170564148
canonical,64,116,0.0283203125,64,0.99,200,0.655,0.9182948343616877,0.22041819044848762
canonical,64,124,0.0302734375,64,0.99,200,0.5,0.9567339203299485,0.15350051721734917
canonical,64,125,0.030517578125,64,0.99,200,0.515,0.9657360712895484,0.1203095611464334
canonical,64,134,0.03271484375,64,0.99,200,0.415,0.9720435840913084,0.11949236734416324
canonical,64,136,0.033203125,64,0.99,200,0.365,0.9680549216919476,0.1380880884349784
canonical,64,142,0.03466796875,64,0.99,200,0.275,0.9867013534344098,0.06902406211970219
canonical,64,147,0.035888671875,64,0.99,200,0.285,0.9810430285786688,0.0991719876040333
canonical,64,151,0.036865234375,64,0.99,200,0.2,0.9881698285427194,0.07122791105820256
canonical,64,152,0.037109375,64,0.99,200,0.245,0.9824648041002277,0.09723031228279364
canonical,64,157,0.038330078125,64,0.99,200,0.19,0.9887826573780516,0.068537863169376
canonical,64,160,0.0390625,64,0.99,200,0.205,0.9842972004383842,0.09945744686117011
canonical,64,168,0.041015625,64,0.99,200,0.205,0.9939141496789392,0.0136742078219788
canonical,64,177,0.043212890625,64,0.99,200,0.11,0.9921046685939501,0.06831614470035086
canonical,64,179,0.043701171875,64,0.99,200,0.1,0.9925200960993312,0.0706627089052806
canonical,64,185,0.045166015625,64,0.99,200,0.075,0.9878733125554012,0.09838180351012597
canonical,64,190,0.04638671875,64,0.99,200,0.055,0.9886196473489404,0.0994758501241298
canonical,64,194,0.04736328125,64,0.99,200,0.035,0.9936740180482053,0.07056964919210522
canonical,64,200,0.048828125,64,0.99,200,0.065,0.9978206615626232,0.0090573127278297
canonical,64,203,0.049560546875,64,0.99,200,0.07,0.9979458283486602,0.00815296204453779
canonical,64,206,0.05029296875,64,0.99,200,0.065,0.9981309542022594,0.0072566398573655905
canonical,64,211,0.051513671875,64,0.99,200,0.025,0.99447166087197,0.0678219821418487
canonical,64,220,0.0537109375,64,0.99,200,0.02,0.9991874093593647,0.005898544058475557
canonical,64,222,0.05419921875,64,0.99,200,0.025,0.998834279286913,0.0081207781075892
canonical,64,229,0.055908203125,64,0.99,200,0.015,0.9997434116492252,0.0022065396219285585
canonical,64,233,0.056884765625,64,0.99,200,0.01,0.999673510690136,0.0024819365006644
canonical,64,237,0.057861328125,64,0.99,200,0.01,0.9998707552663046,0.0012815005892425982
canonical,64,244,0.0595703125,64,0.99,200,0.005,0.9949884374831334,0.0700919638052478
canonical,64,246,0.06005859375,64,0.99,200,0.015,0.999778330646723,0.0018522024574687706
canonical,64,254,0.06201171875,64,0.99,200,0.0,1.0,3.269036566852058e-16
canonical,64,265,0.064697265625,64,0.99,200,0.0,1.0,3.2529724078819406e-16
canonical,64,276,0.0673828125,64,0.99,200,0.005,0.9999298671223228,0.000888353968744
canonical,64,287,0.070068359375,64,0.99,200,0.0,1.0,3.1401849173675503e-16
canonical,64,328,0.080078125,64,0.99,200,0.0,1.0,3.146067254556851e-16
canonical,64,369,0.090087890625,64,0.99,200,0.0,1.0,3.121484386416806e-16
canonical,64,410,0.10009765625,64,0.99,200,0.0,1.0,3.436315130343406e-16
canonical,64,492,0.1201171875,64,0.99,200,0.0,1.0,2.984208448290196e-16
