ensemble,d,K,rho,m,tau,n_trials,krylov_P,krylov_mean,krylov_std,nx,ny
GEO2,8,2,0.03125,2,0.99,200,1.0,0.3425545691462847,0.150009941870443,3,1
GEO2,8,3,0.046875,3,0.99,200,1.0,0.6541698146471677,0.12446954867719545,3,1
GEO2,8,4,0.0625,4,0.99,200,0.99,0.8828694931277945,0.06863716810085262,3,1
GEO2,8,5,0.078125,5,0.99,200,0.47,0.985527959147245,0.015055903786135876,3,1
GEO2,8,6,0.09375,6,0.99,200,0.0,0.9999999200271872,9.831381126090134e-07,3,1
GEO2,8,6,0.09375,6,0.99,200,0.0,0.9999977073310151,3.2110167388847394e-05,3,1
GEO2,8,7,0.109375,7,0.99,200,0.0,0.9999999995770458,2.5173963860812085e-09,3,1
GEO2,8,7,0.109375,7,0.99,200,0.0,0.9999999998829727,3.056584826686895e-10,3,1
GEO2,8,8,0.125,8,0.99,200,0.0,1.0,3.35188080390359e-16,3,1
GEO2,8,9,0.140625,8,0.99,200,0.0,1.0,3.636721891222372e-16,3,1
GEO2,8,9,0.140625,8,0.99,200,0.0,1.0,3.403879337672476e-16,3,1
GEO2,8,10,0.15625,8,0.99,200,0.0,1.0,3.477320601100914e-16,3,1
GEO2,8,10,0.15625,8,0.99,200,0.0,1.0,3.3009303617866928e-16,3,1
GEO2,8,11,0.171875,8,0.99,200,0.0,1.0,3.4120171933669916e-16,3,1
GEO2,8,11,0.171875,8,0.99,200,0.0,1.0,3.322331966747472e-16,3,1
GEO2,8,12,0.1875,8,0.99,200,0.0,1.0,3.481748618431695e-16,3,1
GEO2,8,13,0.203125,8,0.99,200,0.0,1.0,3.226339437105794e-16,3,1
GEO2,8,13,0.203125,8,0.99,200,0.0,1.0,3.385725185095924e-16,3,1
GEO2,8,14,0.21875,8,0.99,200,0.0,1.0,3.422837571036118e-16,3,1
GEO2,8,14,0.21875,8,0.99,200,0.0,1.0,3.33159413126697e-16,3,1
GEO2,8,15,0.234375,8,0.99,200,0.0,1.0,3.2396832908376525e-16,3,1
GEO2,8,15,0.234375,8,0.99,200,0.0,1.0,3.4782066555428905e-16,3,1
GEO2,8,16,0.25,8,0.99,200,0.0,1.0,3.502925186423478e-16,3,1
GEO2,8,18,0.28125,8,0.99,200,0.0,1.0,3.469335927874738e-16,3,1
GEO2,8,20,0.3125,8,0.99,200,0.0,1.0,3.697226037623727e-16,3,1
GEO2,8,23,0.359375,8,0.99,200,0.0,1.0,3.21773202442742e-16,3,1
GEO2,8,26,0.40625,8,0.99,200,0.0,1.0,3.2167742235357056e-16,3,1
GEO2,16,3,0.01171875,3,0.99,200,1.0,0.3476125473170907,0.08911543925131656,2,2
GEO2,16,5,0.01953125,5,0.99,200,1.0,0.6708102134157932,0.0818802239446074,2,2
GEO2,16,8,0.03125,8,0.99,200,1.0,0.9346466630906285,0.02610859308540273,2,2
GEO2,16,10,0.0390625,10,0.99,200,0.14,0.995128543124898,0.004304215030231419,2,2
GEO2,16,12,0.046875,12,0.99,200,0.0,0.9999998756826588,2.2411945796870016e-07,2,2
GEO2,16,13,0.05078125,13,0.99,200,0.0,0.9999999749065285,7.926503648560102e-08,2,2
GEO2,16,15,0.05859375,15,0.99,200,0.0,0.9999999998697672,4.063494210720707e-10,2,2
GEO2,16,16,0.0625,16,0.99,200,0.0,1.0,3.21773202442742e-16,2,2
GEO2,16,18,0.0703125,16,0.99,200,0.0,1.0,3.2539195537479515e-16,2,2
GEO2,16,19,0.07421875,16,0.99,200,0.0,1.0,3.156823071418054e-16,2,2
GEO2,16,21,0.08203125,16,0.99,200,0.0,1.0,3.3176911878838166e-16,2,2
GEO2,16,22,0.0859375,16,0.99,200,0.0,1.0,3.3074585536510505e-16,2,2
GEO2,16,24,0.09375,16,0.99,200,0.0,1.0,3.3445180694684645e-16,2,2
GEO2,16,25,0.09765625,16,0.99,200,0.0,1.0,3.132324617386636e-16,2,2
GEO2,16,27,0.10546875,16,0.99,200,0.0,1.0,3.2775092460303216e-16,2,2
GEO2,16,28,0.109375,16,0.99,200,0.0,1.0,3.212940164695817e-16,2,2
GEO2,16,30,0.1171875,16,0.99,200,0.0,1.0,3.125430638797166e-16,2,2
GEO2,16,31,0.12109375,16,0.99,200,0.0,1.0,3.0586593955286094e-16,2,2
GEO2,16,32,0.125,16,0.99,200,0.0,1.0,3.062686598583602e-16,2,2
GEO2,16,34,0.1328125,16,0.99,200,0.0,1.0,3.477320601100914e-16,2,2
GEO2,16,35,0.13671875,16,0.99,200,0.0,1.0000000000000002,2.755501081972613e-16,2,2
GEO2,16,37,0.14453125,16,0.99,200,0.0,1.0,3.346360271794587e-16,2,2
GEO2,16,38,0.1484375,16,0.99,200,0.0,1.0,3.2425355437371533e-16,2,2
GEO2,16,44,0.171875,16,0.99,200,0.0,1.0,3.286897719131923e-16,2,2
GEO2,16,50,0.1953125,16,0.99,200,0.0,1.0,3.1362572298799873e-16,2,2
GEO2,16,57,0.22265625,16,0.99,200,0.0,1.0,3.5361954050812074e-16,2,2
GEO2,16,64,0.25,16,0.99,200,0.0,1.0,3.1994847773363504e-16,2,2
GEO2,32,5,0.0048828125,5,0.99,200,1.0,0.36321703950761,0.06144007176160037,5,1
GEO2,32,10,0.009765625,10,0.99,200,1.0,0.7276681044165432,0.04756822988024452,5,1
GEO2,32,15,0.0146484375,15,0.99,200,1.0,0.9215656535850926,0.021522180789679227,5,1
GEO2,32,20,0.01953125,20,0.99,200,0.02,0.9963783433717133,0.0023896312956810293,5,1
GEO2,32,25,0.0244140625,25,0.99,200,0.0,0.9999987080393646,1.639905040598799e-06,5,1
GEO2,32,29,0.0283203125,29,0.99,200,0.0,0.9999999759816557,4.303577104834143e-08,5,1
GEO2,32,34,0.033203125,32,0.99,200,0.0,1.0,3.2906456082846107e-16,5,1
GEO2,32,38,0.037109375,32,0.99,200,0.0,1.0,3.1985215122904827e-16,5,1
GEO2,32,42,0.041015625,32,0.99,200,0.0,1.0,3.2906456082846107e-16,5,1
GEO2,32,47,0.0458984375,32,0.99,200,0.0,1.0,3.069721490933317e-16,5,1
GEO2,32,51,0.0498046875,32,0.99,200,0.0,1.0000000000000002,2.814147105486903e-16,5,1
GEO2,32,56,0.0546875,32,0.99,200,0.0,1.0,3.1665693838060307e-16,5,1
GEO2,32,60,0.05859375,32,0.99,200,0.0,1.0,3.3046623362536423e-16,5,1
GEO2,32,64,0.0625,32,0.99,200,0.0,1.0,3.4861710114481207e-16,5,1
GEO2,32,69,0.0673828125,32,0.99,200,0.0,1.0,3.218689540301739e-16,5,1
GEO2,32,73,0.0712890625,32,0.99,200,0.0,1.0,3.399349888776296e-16,5,1
GEO2,32,78,0.076171875,32,0.99,200,0.0,1.0,2.848971596493297e-16,5,1
GEO2,32,82,0.080078125,32,0.99,200,0.0,1.0,2.854374543877478e-16,5,1
GEO2,32,92,0.08984375,32,0.99,200,0.0,1.0,3.084742237080508e-16,5,1
GEO2,32,113,0.1103515625,32,0.99,200,0.0,1.0000000000000002,2.9258115825890746e-16,5,1
GEO2,32,133,0.1298828125,32,0.99,200,0.0,1.0,3.223472853299375e-16,5,1
GEO2,32,154,0.150390625,32,0.99,200,0.0,1.0,3.18500521240962e-16,5,1
GEO2,64,20,0.0048828125,20,0.99,100,1.0,0.7567264234559983,0.02630117331251004,3,2
GEO2,64,41,0.010009765625,41,0.99,100,0.0,0.99863377606879,0.0008269234932723018,3,2
GEO2,64,61,0.014892578125,61,0.99,100,0.0,0.9999999879321542,1.4553768012317889e-08,3,2
GEO2,64,72,0.017578125,64,0.99,100,0.0,1.0,2.7012892057857037e-16,3,2
GEO2,64,82,0.02001953125,64,0.99,100,0.0,1.0,2.8457249041605284e-16,3,2
GEO2,64,92,0.0224609375,64,0.99,100,0.0,1.0,3.326966272203901e-16,3,2
GEO2,64,102,0.02490234375,64,0.99,100,0.0,1.0,2.997602166487923e-16,3,2
GEO2,64,113,0.027587890625,64,0.99,100,0.0,1.0,2.8887141192996264e-16,3,2
GEO2,64,123,0.030029296875,64,0.99,100,0.0,1.0,2.813051893495439e-16,3,2
GEO2,64,133,0.032470703125,64,0.99,100,0.0,1.0,3.0967063759893227e-16,3,2
GEO2,64,143,0.034912109375,64,0.99,100,0.0,1.0,3.032352210163328e-16,3,2
GEO2,64,154,0.03759765625,64,0.99,100,0.0,1.0,2.6622212897024595e-16,3,2
GEO2,64,164,0.0400390625,64,0.99,100,0.0,1.0,3.1145664134658665e-16,3,2
GEO2,64,174,0.04248046875,64,0.99,100,0.0,1.0,3.3693028157463266e-16,3,2
GEO2,64,184,0.044921875,64,0.99,100,0.0,1.0,2.9790409838967276e-16,3,2
GEO2,64,195,0.047607421875,64,0.99,100,0.0,1.0,3.3251133250970926e-16,3,2
GEO2,64,205,0.050048828125,64,0.99,100,0.0,1.0,2.634295119309165e-16,3,2
GEO2,64,225,0.054931640625,64,0.99,100,0.0,1.0,2.7194799110210365e-16,3,2
GEO2,64,276,0.0673828125,64,0.99,100,0.0,1.0,3.132324617386636e-16,3,2
GEO2,64,328,0.080078125,64,0.99,100,0.0,1.0,2.862998051573224e-16,3,2
